request_id,amount_safe_to_pay,affordability_status,recommended_payment_method,payment_plan,earliest_date_for_full_payment,spending_changes_needed,decision_explanation
request_26,15656000,affordable_now,full_payment,2025-08-03:15656000,2025-08-03,none,This plan keeps at least IDR 24768300 available throughout the 90-day forecast.
request_27,6670,affordable_now,full_payment,2026-07-05:6670,2026-07-05,none,This plan keeps at least ZAR 20500 available throughout the 90-day forecast.
request_28,446.71,not_affordable,not_recommended,none,,none,No eligible plan protects the EUR 1100 minimum through the next 90 days.
request_29,51524,affordable_now,full_payment,2025-11-04:51524,2025-11-04,none,This plan keeps at least ZAR 28300 available throughout the 90-day forecast.
request_30,775.2,affordable_with_plan,installments,2026-04-06:268.74|2026-05-06:268.74|2026-06-05:268.74,2026-04-06,none,This plan keeps at least USD 900 available throughout the 90-day forecast.
request_31,10329393.27,affordable_later,wait,2024-09-15:18164000,2024-09-15,none,Waiting preserves the IDR 16588900 minimum; the full amount is safe on the stated date.
request_32,26630.39,affordable_later,wait,2025-02-15:40018,2025-02-15,none,Waiting preserves the ZAR 35700 minimum; the full amount is safe on the stated date.
request_33,41988.78,affordable_later,wait,2026-01-15:118000,2026-01-15,none,Waiting preserves the INR 102100 minimum; the full amount is safe on the stated date.
request_34,129400,affordable_now,full_payment,2024-12-04:129400,2024-12-04,none,This plan keeps at least INR 138500 available throughout the 90-day forecast.
request_35,90965.51,affordable_later,wait,2025-12-15:212000,2025-12-15,none,Waiting preserves the INR 106400 minimum; the full amount is safe on the stated date.
request_36,1097.21,affordable_later,wait,2026-09-15:3954,2026-09-15,none,Waiting preserves the USD 2400 minimum; the full amount is safe on the stated date.
request_37,7949479.43,not_affordable,not_recommended,none,,none,No eligible plan protects the IDR 17056200 minimum through the next 90 days.
request_38,248.9,affordable_later,wait,2025-10-30:971.3,2025-10-30,none,Waiting preserves the EUR 400 minimum; the full amount is safe on the stated date.
request_39,174225.96,affordable_later,wait,2026-04-15:208600,2026-04-15,none,Waiting preserves the INR 213400 minimum; the full amount is safe on the stated date.
request_40,653.38,affordable_later,wait,2024-06-15:1290.3,2024-06-15,none,Waiting preserves the EUR 1500 minimum; the full amount is safe on the stated date.
request_41,15936983.86,affordable_later,wait,2025-11-15:38760000,2025-11-15,none,Waiting preserves the IDR 25366600 minimum; the full amount is safe on the stated date.
request_42,52100,affordable_now,full_payment,2026-01-05:52100,2026-01-05,none,This plan keeps at least INR 113100 available throughout the 90-day forecast.
request_43,12444472.28,affordable_later,wait,2024-10-15:43339000,2024-10-15,none,Waiting preserves the IDR 21398000 minimum; the full amount is safe on the stated date.
request_44,62340.04,affordable_later,wait,2025-02-15:95800,2025-02-15,none,Waiting preserves the INR 82900 minimum; the full amount is safe on the stated date.
request_45,6915821.51,affordable_later,wait,2026-08-15:21983000,2026-08-15,none,Waiting preserves the IDR 11149800 minimum; the full amount is safe on the stated date.
request_46,49450,affordable_with_plan,installments,2024-12-03:25714|2024-12-31:25714,2024-12-03,none,This plan keeps at least INR 84000 available throughout the 90-day forecast.
request_47,38114000,affordable_now,full_payment,2025-05-05:38114000,2025-05-05,none,This plan keeps at least IDR 30049000 available throughout the 90-day forecast.
request_48,45700,affordable_now,full_payment,2026-07-25:45700,2026-07-25,none,This plan keeps at least INR 71300 available throughout the 90-day forecast.
request_49,16537419.94,affordable_with_plan,installments,2024-03-18:11902106.67|2024-04-18:11902106.67|2024-05-19:11902106.67,2024-04-15,none,This plan keeps at least IDR 20275700 available throughout the 90-day forecast.
request_50,43900,affordable_now,full_payment,2025-08-06:43900,2025-08-06,none,This plan keeps at least INR 99700 available throughout the 90-day forecast.
request_51,2191000,affordable_now,full_payment,2026-01-03:2191000,2026-01-03,none,This plan keeps at least IDR 7811000 available throughout the 90-day forecast.
request_52,28870,affordable_now,full_payment,2024-06-05:28870,2024-06-05,none,This plan keeps at least INR 41500 available throughout the 90-day forecast.
request_53,1161.45,affordable_with_plan,installments,2025-11-21:589.06|2025-12-19:589.06|2026-01-16:589.06,2025-11-15,none,This plan keeps at least USD 2100 available throughout the 90-day forecast.
request_54,11753.35,not_affordable,not_recommended,none,,none,No eligible plan protects the ZAR 37000 minimum through the next 90 days.
request_55,156842.8,affordable_with_plan,installments,2026-06-11:75781.33|2026-07-12:75781.33|2026-08-12:75781.33,2026-06-15,none,This plan keeps at least INR 124300 available throughout the 90-day forecast.
request_56,881.56,affordable_with_plan,installments,2025-02-03:458.42|2025-03-03:458.42,2025-02-03,none,This plan keeps at least USD 2100 available throughout the 90-day forecast.
request_57,18988.11,affordable_later,wait,2026-05-15:61446,2026-05-15,none,Waiting preserves the ZAR 42700 minimum; the full amount is safe on the stated date.
request_58,16226000,affordable_now,full_payment,2024-12-07:16226000,2024-12-07,none,This plan keeps at least IDR 14433900 available throughout the 90-day forecast.
request_59,140600,affordable_with_plan,installments,2025-05-07:48741.33|2025-06-04:48741.33|2025-07-02:48741.33,2025-05-04,none,This plan keeps at least INR 132600 available throughout the 90-day forecast.
request_60,174.05,affordable_later,wait,2026-01-15:199.89,2026-01-15,none,Waiting preserves the USD 400 minimum; the full amount is safe on the stated date.
request_61,29062,affordable_with_plan,installments,2024-03-17:10074.83|2024-04-17:10074.83|2024-05-18:10074.83,2024-03-03,none,This plan keeps at least ZAR 36700 available throughout the 90-day forecast.
request_62,404.23,affordable_now,full_payment,2025-08-05:404.23,2025-08-05,none,This plan keeps at least USD 1300 available throughout the 90-day forecast.
request_63,67170.97,affordable_with_plan,partial_payment,2026-07-07:67170.97|2026-09-15:276729.03,2026-09-15,none,This plan keeps at least INR 153500 available throughout the 90-day forecast.
request_64,53948.28,affordable_with_plan,installments,2024-06-11:22082.67|2024-07-12:22082.67|2024-08-12:22082.67,2024-06-15,none,This plan keeps at least INR 36100 available throughout the 90-day forecast.
request_65,11571.45,not_affordable,not_recommended,none,,none,No eligible plan protects the ZAR 15500 minimum through the next 90 days.
request_66,22200,affordable_now,full_payment,2026-04-03:22200,2026-04-03,none,This plan keeps at least INR 80700 available throughout the 90-day forecast.
request_67,476.69,affordable_later,wait,2024-10-15:2094,2024-10-15,none,Waiting preserves the USD 1200 minimum; the full amount is safe on the stated date.
request_68,1843.92,affordable_with_plan,installments,2025-02-14:725.09|2025-03-14:725.09|2025-04-11:725.09,2025-02-23,none,This plan keeps at least USD 1500 available throughout the 90-day forecast.
request_69,529.1,affordable_now,full_payment,2026-01-04:529.1,2026-01-04,none,This plan keeps at least EUR 700 available throughout the 90-day forecast.
request_70,82156.9,affordable_later,wait,2025-01-15:243900,2025-01-15,none,Waiting preserves the INR 115000 minimum; the full amount is safe on the stated date.
request_71,5393899.54,affordable_later,wait,2025-07-15:21451000,2025-07-15,none,Waiting preserves the IDR 8884800 minimum; the full amount is safe on the stated date.
request_72,11330,affordable_now,full_payment,2026-07-05:11330,2026-07-05,none,This plan keeps at least ZAR 12200 available throughout the 90-day forecast.
request_73,71400,affordable_now,full_payment,2023-01-20:71400,2023-01-20,none,This plan keeps at least INR 103200 available throughout the 90-day forecast.
request_74,5010,affordable_now,full_payment,2025-08-04:5010,2025-08-04,none,This plan keeps at least ZAR 21900 available throughout the 90-day forecast.
request_75,28270,affordable_with_plan,installments,2026-04-09:9800.27|2026-05-09:9800.27|2026-06-08:9800.27,2026-04-06,none,This plan keeps at least ZAR 39000 available throughout the 90-day forecast.
request_76,1132.07,not_affordable,not_recommended,none,,none,No eligible plan protects the USD 1800 minimum through the next 90 days.
request_77,60700,affordable_now,full_payment,2025-11-05:60700,2025-11-05,none,This plan keeps at least INR 82200 available throughout the 90-day forecast.
request_78,50200,affordable_now,full_payment,2025-10-02:50200,2025-10-02,none,This plan keeps at least INR 55200 available throughout the 90-day forecast.
request_79,927.84,affordable_with_plan,partial_payment,2024-09-04:927.84|2024-10-15:1223.76,2024-10-15,none,This plan keeps at least EUR 1000 available throughout the 90-day forecast.
request_80,135705.6,not_affordable,not_recommended,none,,none,No eligible plan protects the INR 121300 minimum through the next 90 days.
request_81,2076,affordable_now,full_payment,2026-07-03:2076,2026-07-03,none,This plan keeps at least USD 1600 available throughout the 90-day forecast.
request_82,650.56,not_affordable,not_recommended,none,,none,No eligible plan protects the USD 1100 minimum through the next 90 days.
request_83,25397.73,not_affordable,not_recommended,none,,none,No eligible plan protects the INR 37800 minimum through the next 90 days.
request_84,44044.88,affordable_later,wait,2026-04-15:95400,2026-04-15,none,Waiting preserves the INR 91300 minimum; the full amount is safe on the stated date.
request_85,1492136.78,not_affordable,not_recommended,none,,none,No eligible plan protects the IDR 6396300 minimum through the next 90 days.
request_86,46300,affordable_now,full_payment,2025-08-03:46300,2025-08-03,none,This plan keeps at least INR 84900 available throughout the 90-day forecast.
request_87,61401.51,affordable_later,wait,2026-03-15:487900,2026-03-15,none,Waiting preserves the INR 185900 minimum; the full amount is safe on the stated date.
request_88,14266.08,affordable_with_plan,installments,2024-06-14:9045.23|2024-07-15:9045.23|2024-08-15:9045.23,2024-06-15,none,This plan keeps at least ZAR 25800 available throughout the 90-day forecast.
request_89,13054819.45,affordable_with_plan,installments,2025-11-18:4768746.67|2025-12-16:4768746.67|2026-01-13:4768746.67,2025-11-15,none,This plan keeps at least IDR 12534700 available throughout the 90-day forecast.
request_90,2560,affordable_now,full_payment,2026-07-06:2560,2026-07-06,none,This plan keeps at least ZAR 7600 available throughout the 90-day forecast.
request_91,1502.74,affordable_later,wait,2024-09-15:1927.2,2024-09-15,none,Waiting preserves the EUR 2100 minimum; the full amount is safe on the stated date.
request_92,34034,affordable_now,full_payment,2025-02-05:34034,2025-02-05,none,This plan keeps at least ZAR 28100 available throughout the 90-day forecast.
request_93,1729.2,affordable_now,full_payment,2026-04-07:1729.2,2026-04-07,none,This plan keeps at least USD 1900 available throughout the 90-day forecast.
request_94,572,affordable_now,full_payment,2024-12-04:572,2024-12-04,none,This plan keeps at least EUR 600 available throughout the 90-day forecast.
request_95,104477.14,not_affordable,not_recommended,none,,none,No eligible plan protects the INR 145500 minimum through the next 90 days.
request_96,90200,affordable_with_plan,installments,2026-01-10:31269.33|2026-02-09:31269.33|2026-03-11:31269.33,2026-01-03,none,This plan keeps at least INR 56500 available throughout the 90-day forecast.
request_97,7410.92,affordable_with_plan,installments,2024-03-19:8145.28|2024-04-19:8145.28|2024-05-20:8145.28,2024-03-15,none,This plan keeps at least ZAR 29700 available throughout the 90-day forecast.
request_98,12140.07,affordable_later,wait,2025-08-15:27148,2025-08-15,none,Waiting preserves the ZAR 30000 minimum; the full amount is safe on the stated date.
request_99,18062,affordable_now,full_payment,2026-07-04:18062,2026-07-04,none,This plan keeps at least ZAR 49100 available throughout the 90-day forecast.
request_100,30240.87,affordable_with_plan,installments,2024-06-13:12866.19|2024-07-14:12866.19|2024-08-14:12866.19,2024-06-15,none,This plan keeps at least ZAR 32500 available throughout the 90-day forecast.
request_101,143500,affordable_now,full_payment,2025-11-03:143500,2025-11-03,none,This plan keeps at least INR 187400 available throughout the 90-day forecast.
request_102,1716,affordable_with_plan,installments,2026-04-05:594.88|2026-05-05:594.88|2026-06-04:594.88,2026-04-05,none,This plan keeps at least EUR 900 available throughout the 90-day forecast.
request_103,15778.22,affordable_later,wait,2024-11-15:368300,2024-11-15,none,Waiting preserves the INR 125500 minimum; the full amount is safe on the stated date.
request_104,17204,affordable_now,full_payment,2025-02-04:17204,2025-02-04,none,This plan keeps at least ZAR 24700 available throughout the 90-day forecast.
request_105,53500,affordable_now,full_payment,2026-06-08:53500,2026-06-08,none,This plan keeps at least INR 73900 available throughout the 90-day forecast.
request_106,1314.85,affordable_later,wait,2024-12-15:2207.7,2024-12-15,none,Waiting preserves the EUR 1200 minimum; the full amount is safe on the stated date.
request_107,1261.08,not_affordable,not_recommended,none,,none,No eligible plan protects the EUR 1600 minimum through the next 90 days.
request_108,4568.16,not_affordable,not_recommended,none,,none,No eligible plan protects the ZAR 24100 minimum through the next 90 days.
request_109,940.43,affordable_with_plan,installments,2024-03-18:645.98|2024-04-18:645.98|2024-05-19:645.98,2024-03-15,none,This plan keeps at least EUR 1700 available throughout the 90-day forecast.
request_110,22352,affordable_with_plan,installments,2025-08-06:7748.69|2025-09-03:7748.69|2025-10-01:7748.69,2025-08-06,none,This plan keeps at least ZAR 11200 available throughout the 90-day forecast.
request_111,16625000,affordable_now,full_payment,2026-04-03:16625000,2026-04-03,none,This plan keeps at least IDR 23022800 available throughout the 90-day forecast.
request_112,271.7,affordable_now,full_payment,2024-06-05:271.7,2024-06-05,none,This plan keeps at least EUR 500 available throughout the 90-day forecast.
request_113,36500,affordable_now,full_payment,2026-09-04:36500,2026-09-04,none,This plan keeps at least INR 82300 available throughout the 90-day forecast.
request_114,65300,affordable_now,full_payment,2026-01-04:65300,2026-01-04,none,This plan keeps at least INR 113400 available throughout the 90-day forecast.
request_115,19901.75,affordable_later,wait,2024-11-30:80500,2024-11-30,none,Waiting preserves the INR 38800 minimum; the full amount is safe on the stated date.
request_116,38189.47,not_affordable,not_recommended,none,,none,No eligible plan protects the INR 80300 minimum through the next 90 days.
request_117,880,affordable_now,full_payment,2026-07-05:880,2026-07-05,none,This plan keeps at least EUR 1000 available throughout the 90-day forecast.
request_118,738.1,affordable_with_plan,installments,2024-12-07:255.87|2025-01-07:255.87|2025-02-07:255.87,2024-12-07,none,This plan keeps at least EUR 600 available throughout the 90-day forecast.
request_119,119686.46,affordable_with_plan,installments,2025-05-18:70546.67|2025-06-15:70546.67|2025-07-13:70546.67,2025-05-15,none,This plan keeps at least INR 151200 available throughout the 90-day forecast.
request_120,7714000,affordable_now,full_payment,2026-04-06:7714000,2026-04-06,none,This plan keeps at least IDR 20050300 available throughout the 90-day forecast.
request_121,633.6,affordable_now,full_payment,2024-03-03:633.6,2024-03-03,none,This plan keeps at least USD 800 available throughout the 90-day forecast.
request_122,20558000,affordable_with_plan,installments,2025-08-05:7126773.33|2025-09-02:7126773.33|2025-09-30:7126773.33,2025-08-05,none,This plan keeps at least IDR 12588500 available throughout the 90-day forecast.
request_123,4076000,affordable_now,full_payment,2026-01-07:4076000,2026-01-07,none,This plan keeps at least IDR 18091200 available throughout the 90-day forecast.
request_124,1945.33,affordable_with_plan,installments,2024-06-11:1076.12|2024-07-12:1076.12|2024-08-12:1076.12,2024-06-15,none,This plan keeps at least EUR 1600 available throughout the 90-day forecast.
request_125,6468,affordable_now,full_payment,2025-11-06:6468,2025-11-06,none,This plan keeps at least ZAR 11300 available throughout the 90-day forecast.
request_126,159600,affordable_now,full_payment,2026-07-03:159600,2026-07-03,none,This plan keeps at least INR 129700 available throughout the 90-day forecast.
request_127,16111.99,affordable_later,wait,2024-09-15:23980,2024-09-15,none,Waiting preserves the ZAR 41000 minimum; the full amount is safe on the stated date.
request_128,25168,affordable_now,full_payment,2025-02-07:25168,2025-02-07,none,This plan keeps at least ZAR 42600 available throughout the 90-day forecast.
request_129,95.2,not_affordable,not_recommended,none,,none,No eligible plan protects the USD 800 minimum through the next 90 days.
request_130,605.54,affordable_later,wait,2024-12-15:1978.8,2024-12-15,none,Waiting preserves the USD 1400 minimum; the full amount is safe on the stated date.
request_131,1855.2,affordable_with_plan,installments,2025-05-06:643.14|2025-06-03:643.14|2025-07-01:643.14,2025-05-03,none,This plan keeps at least USD 1100 available throughout the 90-day forecast.
request_132,379.86,affordable_now,full_payment,2026-01-05:379.86,2026-01-05,none,This plan keeps at least USD 1100 available throughout the 90-day forecast.
request_133,15770000,not_affordable,not_recommended,none,,none,No eligible plan protects the IDR 9986200 minimum through the next 90 days.
request_134,9017686.51,affordable_later,wait,2025-08-15:21831000,2025-08-15,none,Waiting preserves the IDR 15902500 minimum; the full amount is safe on the stated date.
request_135,304.8,affordable_now,full_payment,2026-07-06:304.8,2026-07-06,none,This plan keeps at least USD 500 available throughout the 90-day forecast.
request_136,560.4,affordable_now,full_payment,2024-06-03:560.4,2024-06-03,none,This plan keeps at least USD 1100 available throughout the 90-day forecast.
request_137,55941.03,affordable_later,wait,2025-11-15:80100,2025-11-15,none,Waiting preserves the INR 71800 minimum; the full amount is safe on the stated date.
request_138,1096.98,affordable_with_plan,partial_payment,2026-04-07:1096.98|2026-04-15:159.96,2026-04-15,none,This plan keeps at least EUR 2300 available throughout the 90-day forecast.
request_139,1863.46,affordable_with_plan,installments,2024-09-07:802.88|2024-10-08:802.88|2024-11-08:802.88,2024-09-15,none,This plan keeps at least USD 1500 available throughout the 90-day forecast.
request_140,7717.23,not_affordable,not_recommended,none,,none,No eligible plan protects the ZAR 21600 minimum through the next 90 days.
request_141,35631.64,not_affordable,not_recommended,none,,none,No eligible plan protects the INR 67300 minimum through the next 90 days.
request_142,1263.6,affordable_now,full_payment,2024-12-05:1263.6,2024-12-05,none,This plan keeps at least USD 1700 available throughout the 90-day forecast.
request_143,3655.22,affordable_later,wait,2025-07-30:12584,2025-07-30,none,Waiting preserves the ZAR 11300 minimum; the full amount is safe on the stated date.
request_144,233.34,affordable_now,full_payment,2026-07-04:233.34,2026-07-04,none,This plan keeps at least USD 600 available throughout the 90-day forecast.
request_145,66306.49,not_affordable,not_recommended,none,,none,No eligible plan protects the INR 155400 minimum through the next 90 days.
request_146,68814.13,affordable_later,wait,2025-10-15:449400,2025-10-15,none,Waiting preserves the INR 108600 minimum; the full amount is safe on the stated date.
request_147,663.51,affordable_with_plan,installments,2026-04-08:391.63|2026-05-08:391.63|2026-06-07:391.63,2026-04-15,none,This plan keeps at least EUR 900 available throughout the 90-day forecast.
request_148,9801.8,affordable_with_plan,installments,2024-06-14:7710.56|2024-07-15:7710.56|2024-08-15:7710.56,2024-06-15,none,This plan keeps at least ZAR 20000 available throughout the 90-day forecast.
request_149,36652,affordable_with_plan,installments,2025-11-18:12706.03|2025-12-16:12706.03|2026-01-13:12706.03,2025-11-04,none,This plan keeps at least ZAR 42100 available throughout the 90-day forecast.
request_150,398.45,affordable_with_plan,installments,2026-01-06:171.98|2026-02-05:171.98|2026-03-07:171.98,2026-02-15,none,This plan keeps at least EUR 700 available throughout the 90-day forecast.
request_151,26999000,affordable_now,full_payment,2024-09-03:26999000,2024-09-03,none,This plan keeps at least IDR 31633600 available throughout the 90-day forecast.
request_152,13882,affordable_with_plan,installments,2025-02-12:4812.43|2025-03-12:4812.43|2025-04-09:4812.43,2025-02-05,none,This plan keeps at least ZAR 11900 available throughout the 90-day forecast.
request_153,224.01,affordable_later,wait,2026-09-15:2830.8,2026-09-15,none,Waiting preserves the USD 1400 minimum; the full amount is safe on the stated date.
request_154,1625.8,affordable_with_plan,installments,2024-12-04:563.61|2025-01-04:563.61|2025-02-04:563.61,2024-12-04,none,This plan keeps at least EUR 1300 available throughout the 90-day forecast.
request_155,112500,affordable_now,full_payment,2025-05-06:112500,2025-05-06,none,This plan keeps at least INR 56300 available throughout the 90-day forecast.
request_156,12322.01,affordable_later,wait,2026-05-15:43076,2026-05-15,none,Waiting preserves the ZAR 26900 minimum; the full amount is safe on the stated date.
request_157,7649776.28,affordable_later,wait,2024-04-15:23503000,2024-04-15,none,Waiting preserves the IDR 15714100 minimum; the full amount is safe on the stated date.
request_158,242600,affordable_with_plan,installments,2025-08-07:84101.33|2025-09-04:84101.33|2025-10-02:84101.33,2025-08-07,none,This plan keeps at least INR 131400 available throughout the 90-day forecast.
request_159,13398,affordable_now,full_payment,2026-01-04:13398,2026-01-04,none,This plan keeps at least ZAR 8700 available throughout the 90-day forecast.
request_160,783.31,affordable_with_plan,installments,2024-06-13:432.05|2024-07-14:432.05|2024-08-14:432.05,2024-06-15,none,This plan keeps at least EUR 1200 available throughout the 90-day forecast.
request_161,0,not_affordable,not_recommended,none,,none,No eligible plan protects the IDR 23010400 minimum through the next 90 days.
request_162,5253244.87,not_affordable,not_recommended,none,,none,No eligible plan protects the IDR 24161100 minimum through the next 90 days.
request_163,15480273.22,not_affordable,not_recommended,none,,none,No eligible plan protects the IDR 26728700 minimum through the next 90 days.
request_164,27018000,affordable_with_plan,installments,2025-02-11:9366240|2025-03-11:9366240|2025-04-08:9366240,2025-02-04,none,This plan keeps at least IDR 29550500 available throughout the 90-day forecast.
request_165,80600,affordable_now,full_payment,2026-04-06:80600,2026-04-06,none,This plan keeps at least INR 95000 available throughout the 90-day forecast.
request_166,2907.6,affordable_with_plan,installments,2024-12-03:1007.97|2025-01-03:1007.97|2025-02-03:1007.97,2024-12-03,none,This plan keeps at least USD 1700 available throughout the 90-day forecast.
request_167,43802,affordable_now,full_payment,2025-05-05:43802,2025-05-05,none,This plan keeps at least ZAR 31200 available throughout the 90-day forecast.
request_168,46138.88,affordable_with_plan,partial_payment,2026-01-07:46138.88|2026-01-15:3241.12,2026-01-15,none,This plan keeps at least INR 114400 available throughout the 90-day forecast.
request_169,41976,affordable_now,full_payment,2024-03-04:41976,2024-03-04,none,This plan keeps at least ZAR 18700 available throughout the 90-day forecast.
request_170,36936000,affordable_with_plan,installments,2025-08-06:12804480|2025-09-03:12804480|2025-10-01:12804480,2025-08-06,none,This plan keeps at least IDR 24715800 available throughout the 90-day forecast.
request_171,227.99,not_affordable,not_recommended,none,,none,No eligible plan protects the EUR 500 minimum through the next 90 days.
request_172,10200,affordable_with_plan,installments,2024-06-05:5304|2024-07-03:5304,2024-06-05,none,This plan keeps at least ZAR 27200 available throughout the 90-day forecast.
request_173,66929.18,affordable_with_plan,installments,2025-11-21:39173.33|2025-12-19:39173.33|2026-01-16:39173.33,2025-11-15,none,This plan keeps at least INR 79100 available throughout the 90-day forecast.
request_174,1146.2,affordable_with_plan,installments,2026-04-04:397.35|2026-05-04:397.35|2026-06-03:397.35,2026-04-04,none,This plan keeps at least EUR 700 available throughout the 90-day forecast.
request_175,2346.3,affordable_now,full_payment,2024-09-06:2346.3,2024-09-06,none,This plan keeps at least EUR 1700 available throughout the 90-day forecast.
request_176,584.82,affordable_later,wait,2025-04-15:1239.7,2025-04-15,none,Waiting preserves the EUR 600 minimum; the full amount is safe on the stated date.
request_177,1017.6,affordable_now,full_payment,2026-01-05:1017.6,2026-01-05,none,This plan keeps at least USD 1300 available throughout the 90-day forecast.
request_178,2938.1,affordable_with_plan,installments,2024-12-07:1018.54|2025-01-07:1018.54|2025-02-07:1018.54,2024-12-07,none,This plan keeps at least EUR 1400 available throughout the 90-day forecast.
request_179,29505873.75,affordable_later,wait,2025-05-15:41648000,2025-05-15,none,Waiting preserves the IDR 41430800 minimum; the full amount is safe on the stated date.
request_180,66500,affordable_now,full_payment,2026-07-06:66500,2026-07-06,none,This plan keeps at least INR 37300 available throughout the 90-day forecast.
request_181,845.67,affordable_later,wait,2024-05-15:5059.2,2024-05-15,none,Waiting preserves the USD 2000 minimum; the full amount is safe on the stated date.
request_182,65714,affordable_now,full_payment,2025-08-05:65714,2025-08-05,none,This plan keeps at least ZAR 31100 available throughout the 90-day forecast.
request_183,26217233.96,affordable_with_plan,installments,2026-04-10:9313546.67|2026-05-10:9313546.67|2026-06-09:9313546.67,2026-04-15,none,This plan keeps at least IDR 11878300 available throughout the 90-day forecast.
request_184,31207.7,not_affordable,not_recommended,none,,none,No eligible plan protects the INR 110800 minimum through the next 90 days.
request_185,604.39,affordable_later,wait,2025-11-15:1257.3,2025-11-15,none,Waiting preserves the EUR 1300 minimum; the full amount is safe on the stated date.
request_186,16390.46,affordable_later,wait,2026-03-15:26554,2026-03-15,none,Waiting preserves the ZAR 22000 minimum; the full amount is safe on the stated date.
request_187,59406.98,affordable_later,wait,2024-10-15:187500,2024-10-15,none,Waiting preserves the INR 128300 minimum; the full amount is safe on the stated date.
request_188,444,affordable_later,wait,2025-04-15:2464,2025-04-15,none,Waiting preserves the EUR 900 minimum; the full amount is safe on the stated date.
request_189,488.4,affordable_now,full_payment,2026-07-04:488.4,2026-07-04,none,This plan keeps at least EUR 400 available throughout the 90-day forecast.
request_190,1189.24,affordable_later,wait,2024-12-15:2557.5,2024-12-15,none,Waiting preserves the EUR 1600 minimum; the full amount is safe on the stated date.
request_191,664.4,affordable_now,full_payment,2025-05-03:664.4,2025-05-03,none,This plan keeps at least EUR 500 available throughout the 90-day forecast.
request_192,322.47,not_affordable,not_recommended,none,,none,No eligible plan protects the USD 1000 minimum through the next 90 days.
request_193,125.9,affordable_with_plan,installments,2024-03-21:420.23|2024-04-21:420.23|2024-05-22:420.23,2024-03-15,none,This plan keeps at least EUR 1000 available throughout the 90-day forecast.
request_194,80344.05,affordable_later,wait,2025-08-23:132800,2025-08-23,none,Waiting preserves the INR 113600 minimum; the full amount is safe on the stated date.
request_195,1166.54,affordable_with_plan,installments,2026-01-09:405.74|2026-02-08:405.74|2026-03-10:405.74,2026-01-15,none,This plan keeps at least EUR 700 available throughout the 90-day forecast.
request_196,762.3,affordable_now,full_payment,2024-06-03:762.3,2024-06-03,none,This plan keeps at least EUR 500 available throughout the 90-day forecast.
request_197,25247147.09,not_affordable,not_recommended,none,,none,No eligible plan protects the IDR 26245900 minimum through the next 90 days.
request_198,185800,affordable_now,full_payment,2026-07-07:185800,2026-07-07,none,This plan keeps at least INR 124300 available throughout the 90-day forecast.
request_199,23674000,affordable_with_plan,installments,2024-09-07:8206986.67|2024-10-08:8206986.67|2024-11-08:8206986.67,2024-09-04,none,This plan keeps at least IDR 25359500 available throughout the 90-day forecast.
request_200,21717000,affordable_now,full_payment,2025-02-06:21717000,2025-02-06,none,This plan keeps at least IDR 20114600 available throughout the 90-day forecast.
request_201,23997000,affordable_now,full_payment,2026-04-03:23997000,2026-04-03,none,This plan keeps at least IDR 17304500 available throughout the 90-day forecast.
request_202,123900,affordable_now,full_payment,2024-12-05:123900,2024-12-05,none,This plan keeps at least INR 147800 available throughout the 90-day forecast.
request_203,1442.1,affordable_with_plan,installments,2025-05-10:499.93|2025-06-07:499.93|2025-07-05:499.93,2025-05-07,none,This plan keeps at least EUR 1400 available throughout the 90-day forecast.
request_204,588.74,affordable_now,full_payment,2026-01-04:588.74,2026-01-04,none,This plan keeps at least EUR 1300 available throughout the 90-day forecast.
request_205,10621000,affordable_now,full_payment,2024-03-06:10621000,2024-03-06,none,This plan keeps at least IDR 13994300 available throughout the 90-day forecast.
request_206,1404.7,affordable_with_plan,installments,2025-08-03:486.96|2025-08-31:486.96|2025-09-28:486.96,2025-08-03,none,This plan keeps at least EUR 900 available throughout the 90-day forecast.
request_207,10693.55,affordable_later,wait,2026-07-15:11830,2026-07-15,none,Waiting preserves the ZAR 13600 minimum; the full amount is safe on the stated date.
request_208,4413000,affordable_now,full_payment,2024-06-07:4413000,2024-06-07,none,This plan keeps at least IDR 10470700 available throughout the 90-day forecast.
request_209,7231.03,not_affordable,not_recommended,none,,none,No eligible plan protects the ZAR 18400 minimum through the next 90 days.
request_210,1243.6,affordable_with_plan,partial_payment,2026-04-06:1243.6|2026-04-15:116.42,2026-04-15,none,This plan keeps at least USD 2000 available throughout the 90-day forecast.
request_211,903.06,affordable_later,wait,2024-09-15:1788.6,2024-09-15,none,Waiting preserves the EUR 1500 minimum; the full amount is safe on the stated date.
request_212,18305119,affordable_later,wait,2025-04-23:71934000,2025-04-23,none,Waiting preserves the IDR 29579800 minimum; the full amount is safe on the stated date.
request_213,3362.4,affordable_with_plan,installments,2026-01-21:1165.63|2026-02-20:1165.63|2026-03-22:1165.63,2026-01-07,none,This plan keeps at least USD 2100 available throughout the 90-day forecast.
request_214,69750,affordable_with_plan,installments,2024-12-04:36270|2025-01-01:36270,2024-12-04,none,This plan keeps at least INR 174900 available throughout the 90-day forecast.
request_215,29986,affordable_with_plan,installments,2025-05-09:10395.15|2025-06-06:10395.15|2025-07-04:10395.15,2025-05-06,none,This plan keeps at least ZAR 15700 available throughout the 90-day forecast.
request_216,919.73,affordable_later,wait,2026-08-15:3332.4,2026-08-15,none,Waiting preserves the USD 1800 minimum; the full amount is safe on the stated date.
request_217,27662.99,affordable_with_plan,installments,2024-03-19:12889.07|2024-04-19:12889.07|2024-05-20:12889.07,2024-03-15,none,This plan keeps at least ZAR 26800 available throughout the 90-day forecast.
request_218,34803579.7,affordable_with_plan,installments,2025-08-07:21195893.33|2025-09-04:21195893.33|2025-10-02:21195893.33,2025-08-15,none,This plan keeps at least IDR 34477200 available throughout the 90-day forecast.
request_219,1613.82,affordable_with_plan,installments,2026-04-07:580.01|2026-05-07:580.01|2026-06-06:580.01,2026-04-15,none,This plan keeps at least EUR 1100 available throughout the 90-day forecast.
request_220,159.65,not_affordable,not_recommended,none,,none,No eligible plan protects the EUR 1100 minimum through the next 90 days.
request_221,109800,affordable_now,full_payment,2025-11-03:109800,2025-11-03,none,This plan keeps at least INR 81500 available throughout the 90-day forecast.
request_222,34078,affordable_now,full_payment,2026-01-05:34078,2026-01-05,none,This plan keeps at least ZAR 27300 available throughout the 90-day forecast.
request_223,898.7,affordable_now,full_payment,2024-09-07:898.7,2024-09-07,none,This plan keeps at least EUR 800 available throughout the 90-day forecast.
request_224,10327000,affordable_with_plan,installments,2025-02-04:5370040|2025-03-04:5370040,2025-02-04,none,This plan keeps at least IDR 22187600 available throughout the 90-day forecast.
request_225,15443436.74,affordable_with_plan,installments,2026-07-20:7647120|2026-08-19:7647120|2026-09-18:7647120,2026-07-15,none,This plan keeps at least IDR 17670700 available throughout the 90-day forecast.
request_226,157000,affordable_now,full_payment,2024-12-03:157000,2024-12-03,none,This plan keeps at least INR 209400 available throughout the 90-day forecast.
request_227,36795.08,not_affordable,not_recommended,none,,none,No eligible plan protects the INR 62900 minimum through the next 90 days.
request_228,7300744.53,affordable_later,wait,2026-06-15:63327000,2026-06-15,none,Waiting preserves the IDR 26191200 minimum; the full amount is safe on the stated date.
request_229,600.47,affordable_with_plan,installments,2024-03-18:529.29|2024-04-18:529.29|2024-05-19:529.29,2024-04-15,none,This plan keeps at least EUR 1000 available throughout the 90-day forecast.
request_230,3537.6,affordable_now,full_payment,2025-08-06:3537.6,2025-08-06,none,This plan keeps at least EUR 2000 available throughout the 90-day forecast.
request_231,35706,affordable_with_plan,installments,2026-01-06:12378.08|2026-02-05:12378.08|2026-03-07:12378.08,2026-01-03,none,This plan keeps at least ZAR 24300 available throughout the 90-day forecast.
request_232,1573.79,affordable_later,wait,2024-06-15:1970.1,2024-06-15,none,Waiting preserves the EUR 2400 minimum; the full amount is safe on the stated date.
request_233,0,not_affordable,not_recommended,none,,none,No eligible plan protects the IDR 10365700 minimum through the next 90 days.
request_234,428.35,affordable_later,wait,2026-08-15:1213.3,2026-08-15,none,Waiting preserves the EUR 700 minimum; the full amount is safe on the stated date.
request_235,967.2,affordable_now,full_payment,2024-09-06:967.2,2024-09-06,none,This plan keeps at least USD 700 available throughout the 90-day forecast.
request_236,12910958.64,not_affordable,not_recommended,none,,none,No eligible plan protects the IDR 16768600 minimum through the next 90 days.
request_237,23826000,affordable_now,full_payment,2026-04-05:23826000,2026-04-05,none,This plan keeps at least IDR 22431500 available throughout the 90-day forecast.
request_238,663.6,affordable_with_plan,installments,2024-12-07:230.05|2025-01-07:230.05|2025-02-07:230.05,2024-12-07,none,This plan keeps at least USD 700 available throughout the 90-day forecast.
request_239,642,affordable_now,full_payment,2025-05-04:642,2025-05-04,none,This plan keeps at least USD 600 available throughout the 90-day forecast.
request_240,30639.61,affordable_with_plan,partial_payment,2026-01-06:30639.61|2026-02-15:70560.39,2026-02-15,none,This plan keeps at least INR 52800 available throughout the 90-day forecast.
request_241,21052000,affordable_with_plan,installments,2024-03-17:7298026.67|2024-04-17:7298026.67|2024-05-18:7298026.67,2024-03-03,none,This plan keeps at least IDR 19252000 available throughout the 90-day forecast.
request_242,0,not_affordable,not_recommended,none,,none,No eligible plan protects the EUR 600 minimum through the next 90 days.
request_243,17468,affordable_now,full_payment,2026-07-07:17468,2026-07-07,none,This plan keeps at least ZAR 19900 available throughout the 90-day forecast.
request_244,49918,affordable_now,full_payment,2024-06-04:49918,2024-06-04,none,This plan keeps at least ZAR 45900 available throughout the 90-day forecast.
request_245,47845.4,affordable_later,wait,2025-11-15:128500,2025-11-15,none,Waiting preserves the INR 94600 minimum; the full amount is safe on the stated date.
request_246,64086,affordable_with_plan,installments,2026-04-03:22216.48|2026-05-03:22216.48|2026-06-02:22216.48,2026-04-03,none,This plan keeps at least ZAR 39300 available throughout the 90-day forecast.
request_247,1059.3,affordable_now,full_payment,2024-09-05:1059.3,2024-09-05,none,This plan keeps at least EUR 1300 available throughout the 90-day forecast.
request_248,1414.54,affordable_with_plan,partial_payment,2025-02-07:1414.54|2025-02-15:551.06,2025-02-15,none,This plan keeps at least USD 1300 available throughout the 90-day forecast.
request_249,249.84,affordable_later,wait,2026-03-15:643.2,2026-03-15,none,Waiting preserves the USD 600 minimum; the full amount is safe on the stated date.
request_250,26384.83,not_affordable,not_recommended,none,,none,No eligible plan protects the ZAR 35300 minimum through the next 90 days.
request_251,1513.6,not_affordable,not_recommended,none,,none,No eligible plan protects the EUR 1300 minimum through the next 90 days.
request_252,6990486.2,affordable_later,wait,2026-08-15:28082000,2026-08-15,none,Waiting preserves the IDR 15152200 minimum; the full amount is safe on the stated date.
request_253,1864.37,affordable_with_plan,installments,2024-03-21:984.6|2024-04-21:984.6|2024-05-22:984.6,2024-03-15,none,This plan keeps at least EUR 2300 available throughout the 90-day forecast.
request_254,1552.82,affordable_later,wait,2025-08-15:3535.2,2025-08-15,none,Waiting preserves the USD 2500 minimum; the full amount is safe on the stated date.
request_255,3345000,affordable_now,full_payment,2026-04-06:3345000,2026-04-06,none,This plan keeps at least IDR 9813900 available throughout the 90-day forecast.
request_256,196762.6,affordable_with_plan,installments,2024-06-10:75816|2024-07-11:75816|2024-08-11:75816,2024-06-15,none,This plan keeps at least INR 168600 available throughout the 90-day forecast.
request_257,750.76,affordable_later,wait,2025-11-15:1352.4,2025-11-15,none,Waiting preserves the USD 1600 minimum; the full amount is safe on the stated date.
request_258,1113.6,affordable_now,full_payment,2026-01-07:1113.6,2026-01-07,none,This plan keeps at least USD 500 available throughout the 90-day forecast.
request_259,588.57,affordable_later,wait,2024-09-15:935,2024-09-15,none,Waiting preserves the EUR 600 minimum; the full amount is safe on the stated date.
request_260,9708806.88,affordable_with_plan,partial_payment,2025-02-06:9708806.88|2025-04-15:42370193.12,2025-04-15,none,This plan keeps at least IDR 20727700 available throughout the 90-day forecast.
request_261,1830.4,affordable_now,full_payment,2026-07-03:1830.4,2026-07-03,none,This plan keeps at least EUR 1500 available throughout the 90-day forecast.
request_262,9236000,affordable_now,full_payment,2024-12-05:9236000,2024-12-05,none,This plan keeps at least IDR 31018500 available throughout the 90-day forecast.
request_263,9968.52,not_affordable,not_recommended,none,,none,No eligible plan protects the ZAR 24100 minimum through the next 90 days.
request_264,35556.32,affordable_later,wait,2026-05-15:111300,2026-05-15,none,Waiting preserves the INR 59500 minimum; the full amount is safe on the stated date.
request_265,45970,affordable_now,full_payment,2024-03-06:45970,2024-03-06,none,This plan keeps at least INR 189700 available throughout the 90-day forecast.
request_266,935,affordable_with_plan,installments,2025-08-03:324.13|2025-08-31:324.13|2025-09-28:324.13,2025-08-03,none,This plan keeps at least EUR 900 available throughout the 90-day forecast.
request_267,1922.77,affordable_with_plan,installments,2026-01-08:667.33|2026-02-07:667.33|2026-03-09:667.33,2026-01-15,none,This plan keeps at least EUR 1500 available throughout the 90-day forecast.
request_268,1411.44,affordable_with_plan,installments,2024-06-14:841.22|2024-07-15:841.22|2024-08-15:841.22,2024-06-15,none,This plan keeps at least EUR 1400 available throughout the 90-day forecast.
request_269,0,not_affordable,not_recommended,none,,none,No eligible plan protects the ZAR 23100 minimum through the next 90 days.
request_270,380.99,not_affordable,not_recommended,none,,none,No eligible plan protects the USD 1400 minimum through the next 90 days.
request_271,60992.71,affordable_later,wait,2024-11-20:91300,2024-11-20,none,Waiting preserves the INR 58200 minimum; the full amount is safe on the stated date.
request_272,8078345.91,affordable_with_plan,installments,2025-02-12:4709466.67|2025-03-12:4709466.67|2025-04-09:4709466.67,2025-02-15,none,This plan keeps at least IDR 7508600 available throughout the 90-day forecast.
request_273,12133559.84,affordable_with_plan,partial_payment,2026-04-07:12133559.84|2026-04-15:3727440.16,2026-04-15,none,This plan keeps at least IDR 18774600 available throughout the 90-day forecast.
request_274,2577.41,affordable_with_plan,installments,2024-12-04:940.75|2025-01-04:940.75|2025-02-04:940.75,2024-12-15,none,This plan keeps at least EUR 1800 available throughout the 90-day forecast.
request_275,15884000,affordable_now,full_payment,2025-05-06:15884000,2025-05-06,none,This plan keeps at least IDR 12760100 available throughout the 90-day forecast.
